company_name,phase,query_or_url,backend_used,success,error_message,extracted_data_json,raw_html_snippet,timestamp
SmithRx,1.1_official_url,SmithRx official website,serper,True,,"{""official_url"": ""https://smithrx.com""}","• [SmithRx: Radically Transparent Pharmacy Benefits](https://smithrx.com/)   SmithRx: the #1 modern PBM. We empower leading organizations to control their pharmacy spend through our radically transparent, 100% pass-through model. • [SmithRx Member Portal](https://member.mysmithrx.com/login)   Member Portal. Access your SmithRx account. Continue. • [[PDF] SmithRx Member Welcome Packet_May 2025](https://www.prevea.com/getmedia/460d58f5-7aa4-4e89-8619-9fdd4cb2f3f3/SmithRx-Member-Welcome-Packet.pdf)   You can also chat with our team directly from our website, www.smithrx.com, call. SmithRx Member ",2026-06-16T06:38:50.135909
SmithRx,1.2_linkedin,"site:linkedin.com/company ""SmithRx""",serper,True,,"{""linkedin_url"": ""https://www.linkedin.com/company/smithrx"", ""industry"": ""Hospitals and Health Care"", ""description"": ""SmithRx is a transparent, pass-through pharmacy benefits manager for self-insured employers, operating independently from insurers and pharmacies."", ""employee_count_estimate"": ""501-1,000 employees""}","• [SmithRx - LinkedIn](https://www.linkedin.com/company/smithrx)   SmithRx is a transparent, pass-through pharmacy benefits manager for self-insured employers. We operate independently from insurance companies and pharmacies. • [SmithRx | 领英](https://cn.linkedin.com/company/smithrx)   关于我们 ; 网站: http://www.smithrx.com/. SmithRx的外部链接 ; 所属行业: 医院和医疗保健 ; 规模: 501-1,000 人 ; 总部: San Francisco，CA ; 类型: 私人持股. • [SmithRx | LinkedIn](https://jp.linkedin.com/company/smithrx?trk=similar-pages_result-card_full-click)   SmithRx is a transparent, pass-through pharmacy benefits manager for self-insured employe",2026-06-16T06:38:57.742087
SmithRx,2.1_public_market,"""SmithRx"" (ticker OR ""market cap"" OR site:finance.yahoo.com OR site:marketwatch.com)",serper,True,,"{""is_public"": false, ""ticker"": null, ""exchange"": null, ""market_cap"": null}","• [Invest In SmithRx Stock | Buy Pre-IPO Shares - EquityZen](https://equityzen.com/company/smithrx/)   SmithRx Stock (SMRX). SmithRx is reinventing PBMs with modern technology, client alignment, and 100% transparency. Invest NowSell Shares ... • [Invest and Sell SmithRx Stock - Forge Global](https://forgeglobal.com/smithrx_stock/)   SmithRx is a privately held company and therefore does not have a public stock price. However, you may access SmithRx private market stock price ... • [Sell or Invest in SmithRx Stock Pre-IPO - Nasdaq Private Market](https://www.nasdaqprivatemarket.com/company/smit",2026-06-16T06:39:03.800710
SmithRx,2.2_funding,"""SmithRx"" (crunchbase OR ""funding round"" OR ""series A"" OR ""annual revenue"" OR ""Q3 results"" OR ""Q4 results"" OR ""earnings report"" OR ""raised"")",serper,True,,"{""has_funding"": true, ""total_funding"": ""$89M"", ""stage"": ""series_c_plus"", ""investors"": [""Venrock"", ""Founders Fund""]}","• [SmithRx - Crunchbase Company Profile & Funding](https://www.crunchbase.com/organization/smithrx)   SmithRx is a pharmacy benefits partner built on a modern technology platform that creates new levels of flexibility, efficiency, and customer satisfaction. • [Series C - SmithRx - Crunchbase Funding Round Profile](https://www.crunchbase.com/funding_round/smithrx-series-c--322e4b5b)   Announced Date. obfuscated. obfuscation ; Closed On Date. obfuscated. obfuscation ; Funding Type Series C ; Funding Stage Late Stage Venture ; Money Raised. • [News - SmithRx](https://smithrx.com/news)   SmithRx C",2026-06-16T06:39:18.611906
SmithRx,2.3_customers,"site:smithrx.com (""trusted by"" OR ""customers"" OR ""teams relying on"" OR ""clients"" OR ""case studies"" OR ""success stories"" OR ""investor relations"" OR ""annual report"")",serper,True,,"{""customer_count_estimate"": ""unknown; client/customer count not disclosed"", ""size_signal"": ""mid_market"", ""evidence"": ""Search results mention SmithRx is 'Trusted by employers, brokers, and members' and that 'SmithRx customers consistently save 20%'; a Jan 2025 post says they 'onboarded 30% more clients compared to January 2024.' No specific customer count or notable client logos were visible in the provided results.""}","• [SmithRx: Radically Transparent Pharmacy Benefits](https://smithrx.com/)   Trusted by employers, brokers, and members for transparent pricing, seamless management, and unmatched support. ... SmithRx customers consistently save 20% or ... • [Pass-Through Pricing in Traditional PBMs - SmithRx](https://smithrx.com/blog/why-pass-through-clients-of-traditional-pbms-lose-big)   Big PBMs offer clients ""pass-through"" pricing deals. Big PBMs like OptumRx, Caremark, Prime, and Express Scripts have heard the market demand ... • [Client Cross-Subsidization: The Hidden Cost of “Preferred” Pricing](https:",2026-06-16T06:39:33.799070
SmithRx,3.1_job_postings,"(site:greenhouse.io OR site:boards.greenhouse.io OR site:jobs.lever.co OR site:*.myworkdayjobs.com OR site:jobs.taleo.net OR site:icims.com OR site:careers.smartrecruiters.com OR site:successfactors.com OR site:wellfound.com/company OR site:jobs.ashbyhq.com) ""SmithRx"" careers",serper,True,,"{""has_openings"": true, ""job_titles"": [""Staff Data Engineer"", ""PBM Data Analyst"", ""Software Engineer, AI, Platform"", ""Customer Trainer"", ""Partner Operations Specialist"", ""Marketing Data Analyst""], ""departments"": [""Engineering"", ""Data Analytics"", ""Customer Training"", ""Operations"", ""Marketing""], ""total_count"": 43}",• [Jobs at SmithRx - Greenhouse](http://job-boards.greenhouse.io/smithrx)   Current openings at SmithRx ... Level-up your career by having opportunities at SmithRx sent directly to your inbox. Create alert. Search. 43 jobs. • [Job Application for Staff Data Engineer at SmithRx - Greenhouse](http://job-boards.greenhouse.io/smithrx/jobs/8483880002)   Create a Job Alert. Interested in building your career at SmithRx? Get future opportunities sent straight to your email. Create alert. Apply for this job. *. • [Job Application for PBM Data Analyst at SmithRx - Greenhouse](https://job-boards.greenho,2026-06-16T06:39:47.590602
SmithRx,3.2_expansion_news,"""SmithRx"" (expansion OR ""new office"" OR ""new market"" OR ""new headquarters"" OR ""hiring"" OR ""growing team"" OR ""series"" OR ""acqui"") after:2024-01-01",serper,True,,"{""has_signals"": true, ""news_headlines"": [""Transcarent Expands WayFinding™ Platform with SmithRx to Offer More Options for Pharmacy Pricing Transparency and Lower Drug Costs to Employers"", ""SmithRx Jobs (June 2026) - Startup Jobs"", ""SMITHRX Jobs in Plano, TX (Now Hiring) Jun 2026 - ZipRecruiter""], ""signal_types"": [""expanding"", ""hiring""], ""summary"": ""SmithRx shows growth through a 2026 Transcarent platform partnership and active hiring across multiple roles and locations.""}","• [News - SmithRx](https://smithrx.com/news)   SmithRx Continues to Fix Broken Pharmacy Benefits Management System, Closes $60M in Series C Funding Led by Venrock. Read about our most recent funding round ... • [Director of Project Management - SmithRx - LinkedIn](https://www.linkedin.com/jobs/view/director-of-project-management-at-smithrx-4399212087)   SmithRx is a rapidly growing, venture-backed Health-Tech company. Our mission is to disrupt the expensive and inefficient Pharmacy Benefit Management (PBM) ... • [UnitedAg - SmithRx](https://smithrx.com/blog/unitedag)   Learn how SmithRx and Un",2026-06-16T06:40:04.690121
SmithRx,4.0_synthesis,[LLM synthesis - no search],llm,True,,"{""summary"": ""SmithRx is a strong mid-market healthcare technology prospect with significant Series C+ funding and clear growth momentum. The company is expanding its pharmacy benefits management platform through partnerships and appears to be investing in data, AI, analytics, operations, and customer enablement roles. Its transparent PBM model serving self-insured employers suggests ongoing needs around scalable data infrastructure, operational efficiency, customer training, and partner ecosystem support. Overall, the active hiring and expansion signals indicate a timely opportunity for outreach."", ""icp_score"": 8, ""recommended_action"": ""reach_out"", ""key_buying_signals"": [""Series C+ company with $89M in funding and mid-market scale"", ""Active hiring for data engineering, AI platform, PBM analytics, partner operations, and customer training roles""]}",,2026-06-16T06:40:12.736998
Chronosphere,1.1_official_url,Chronosphere official website,serper,True,,"{""official_url"": ""https://chronosphere.io/""}","• [Chronosphere | Observability Purpose Built for Kubernetes](https://chronosphere.io/)   Chronosphere is the world's most reliable observability platform for microservices and containers. Find and fix customer-impacting issues faster, and stop ... • [Chronosphere documentation - Chronosphere Documentation](https://docs.chronosphere.io/)   A SaaS-based observability and monitoring platform made for cloud-native infrastructures. Monitor telemetry data across your entire system to identify and ... • [Chronosphere](https://chronosphere.in/)   Launched in 2025 by Macro Vision Academy, Chronosphere",2026-06-16T06:38:45.624739
Chronosphere,1.2_linkedin,"site:linkedin.com/company ""Chronosphere""",serper,True,,"{""linkedin_url"": ""https://www.linkedin.com/company/chronosphereio"", ""industry"": ""Software Development"", ""description"": ""Chronosphere, a Palo Alto Networks Company, is the observability platform built for control in the modern, containerized world."", ""employee_count_estimate"": """"}","• [Chronosphere - LinkedIn](https://www.linkedin.com/company/chronosphereio)   Chronosphere, a Palo Alto Networks Company, is the observability platform built for control in the modern, containerized world. • [Chronosphere | LinkedIn](https://es.linkedin.com/company/chronosphereio?trk=similar-pages_result-card_full-click)   Chronosphere, a Palo Alto Networks Company, is the observability platform built for control in the modern, containerized world. • [Chronosphere: Culture - LinkedIn](https://www.linkedin.com/company/chronosphereio/life)   Chronosphere is the only cloud native observability s",2026-06-16T06:38:52.366939
Chronosphere,2.1_public_market,"""Chronosphere"" (ticker OR ""market cap"" OR site:finance.yahoo.com OR site:marketwatch.com)",serper,True,,"{""is_public"": false, ""ticker"": null, ""exchange"": null, ""market_cap"": null}","• [Chronosphere Stock | Valuation, Funding, Investors | Notice.co](https://notice.co/c/chronosphere-io)   Since it is not publicly listed, there is no Chronosphere stock symbol or Chronosphere ticker symbol assigned for Chronosphere. Private companies typically ... • [Invest In Chronosphere Stock | Buy Pre-IPO Shares - EquityZen](https://equityzen.com/company/chronosphere/)   Chronosphere Stock (CHRN). Chronosphere develops a scalable, reliable, and ... EquityZen created the ticker symbols referenced on this page for use solely on the ... • [Palo Alto Networks to buy Chronosphere for $3.35bn -",2026-06-16T06:39:03.090755
Chronosphere,2.2_funding,"""Chronosphere"" (crunchbase OR ""funding round"" OR ""series A"" OR ""annual revenue"" OR ""Q3 results"" OR ""Q4 results"" OR ""earnings report"" OR ""raised"")",serper,True,,"{""has_funding"": true, ""total_funding"": ""$343M"", ""stage"": ""series_c_plus"", ""investors"": [""GV"", ""Geodesic Capital""]}","• [Chronosphere, Inc. A Palo Alto Networks Company - Crunchbase](https://www.crunchbase.com/organization/chronosphere)   Chronosphere is a cloud native observability platform that helps teams quickly resolve incidents while controlling costs. • [Chronosphere launches with $11M Series A to build scalable, cloud ...](https://techcrunch.com/2019/11/05/chronosphere-launches-with-11m-series-a-to-build-scalable-cloud-native-monitoring-tool/)   Chronosphere launches with $11M Series A to build scalable, cloud-native monitoring tool. Ron Miller. 7:07 AM PST · November 5, 2019. • [Latest $115M Series C",2026-06-16T06:39:14.423886
Chronosphere,2.3_customers,"site:chronosphere.io (""trusted by"" OR ""customers"" OR ""teams relying on"" OR ""clients"" OR ""case studies"" OR ""success stories"" OR ""investor relations"" OR ""annual report"")",serper,True,,"{""customer_count_estimate"": ""unknown; enterprise customer base with no exact count visible in the provided results"", ""size_signal"": ""enterprise"", ""evidence"": ""Search results mention 'Record Revenue, Customer and Employee Growth' and homepage says 'Trusted By Industry Leaders.' Notable customer logos/case studies include DoorDash, Snap, Robinhood, and Zillow.""}","• [Chronosphere Announces Record Revenue, Customer and ...](https://chronosphere.io/news/chronosphere-announces-record-revenue-customer-and-employee-growth/)   Chronosphere is the first observability platform that enables customers to capture, store and analyze every distributed trace, at scale, without being cost- ... • [Chronosphere | Observability Purpose Built for Kubernetes](https://chronosphere.io/)   Chronosphere offers the only observability solutions that give customers complete control over cost and complexity: ... Trusted By Industry Leaders. • [Customers rate Chronosphere a 4.7/5 i",2026-06-16T06:39:40.677000
Chronosphere,3.1_job_postings,"(site:greenhouse.io OR site:boards.greenhouse.io OR site:jobs.lever.co OR site:*.myworkdayjobs.com OR site:jobs.taleo.net OR site:icims.com OR site:careers.smartrecruiters.com OR site:successfactors.com OR site:wellfound.com/company OR site:jobs.ashbyhq.com) ""Chronosphere"" careers",serper,True,,"{""has_openings"": true, ""job_titles"": [""Chronosphere - Professional Service Consultant""], ""departments"": [""Professional Services""], ""total_count"": 1}","• [Chronosphere - Jobs](https://jobs.ashbyhq.com/chronospherejobs)   Chronosphere. Open Positions (0). Filters: Department, All Departments. Employment Type, All Employment Types. Location, All Locations. Location Type, All ... • [Chronosphere Careers - Insights and Opportunities - Wellfound](https://wellfound.com/company/chronosphere)   Find out if Chronosphere is the right fit for your future career! Explore jobs, salary, equity, and funding information. Read about work-life balance, ... • [https://paloaltonetworks.wd5.myworkdayjobs.com/pan...](https://paloaltonetworks.wd5.myworkdayjobs.com/",2026-06-16T06:39:59.833589
Chronosphere,3.2_expansion_news,"""Chronosphere"" (expansion OR ""new office"" OR ""new market"" OR ""new headquarters"" OR ""hiring"" OR ""growing team"" OR ""series"" OR ""acqui"") after:2024-01-01",serper,True,,"{""has_signals"": true, ""news_headlines"": [""Chronosphere Revenue 2025: $160M ARR, $3.4B Valuation"", ""Chronosphere Sales Specialist at Palo Alto Networks""], ""signal_types"": [""expanding"", ""hiring"", ""stable""], ""summary"": ""Valid recent signals point to Chronosphere continuing to grow commercially, with reported 2025 ARR/valuation strength and active sales hiring; no explicit contraction evidence found.""}","• [Chronosphere Marks a Year of New Capabilities and Expansion](https://chronosphere.io/news/chronosphere-marks-a-year-of-new-capabilities/)   Chronosphere, the leading cloud native observability platform, had another record-setting year, raising $120 million in Series C funding at a $1.6 billion ... • [Now Hiring: Chronosphere From Fortune 500 organizations to ...](https://www.linkedin.com/posts/greylock-partners_now-hiring-chronosphere-from-fortune-500-activity-7229869858606170113-SBIQ)   Now Hiring: Chronosphere From Fortune 500 organizations to startups, engineering teams around the world ",2026-06-16T06:40:21.128667
Chronosphere,4.0_synthesis,[LLM synthesis - no search],llm,True,,"{""summary"": ""Chronosphere is a strong mid-market-to-enterprise software company with significant funding, reported $160M ARR, and a $3.4B valuation, indicating substantial budget capacity and operational scale. Its observability platform focus and enterprise customer base suggest mature GTM, technical complexity, and ongoing needs across sales, partnerships, professional services, and infrastructure. Current hiring and expansion signals, including a Professional Services role and Palo Alto Networks sales alignment, point to active growth and commercialization momentum."", ""icp_score"": 9, ""recommended_action"": ""reach_out"", ""key_buying_signals"": [""Reported $160M ARR and $3.4B valuation indicate strong budget and scale"", ""Active hiring for Professional Services suggests customer expansion and implementation demand""]}",,2026-06-16T06:40:29.175380
The Call Gurus,1.1_official_url,The Call Gurus official website,serper,True,,"{""official_url"": ""https://www.thecallgurus.com""}","• [The Call Gurus | BPO Services](https://www.thecallgurus.com/)   We at The Call Gurus are so much more than a call center. We're difference makers. Problem solvers when it comes to outsourced labor. • [Careers | The Call Gurus](https://www.thecallgurus.com/careers)   We don't just want to help you find a job—we want to help you grow, just like we do for our clients. We truly believe in bringing opportunities to all of ... • [The Call Gurus | Outsource Accelerator](https://www.outsourceaccelerator.com/company/the-call-gurus/)   The Call Gurus is a fast growing Outsourcing Call Center of Engli",2026-06-16T06:40:34.793709
The Call Gurus,1.2_linkedin,"site:linkedin.com/company ""The Call Gurus""",serper,True,,"{""linkedin_url"": ""https://www.linkedin.com/company/the-call-gurus"", ""industry"": ""Outsourcing and Offshoring Consulting"", ""description"": ""Not just a Contact Center, a Profit Center."", ""employee_count_estimate"": ""1,001-5,000 employees""}","• [The Call Gurus - LinkedIn](https://www.linkedin.com/company/the-call-gurus)   The Call Gurus. Outsourcing and Offshoring Consulting. Phoenix, Arizona 2,000 followers. Not just a Contact Center, a Profit Center. • [‏The Call Gurus‏ | LinkedIn](https://ae.linkedin.com/company/the-call-gurus)   الاستشارات في مجال التعاقد الخارجي والتوريد إلى الخارج · نبذة عنا · المواقع الجغرافية · موظفين في ‏The Call Gurus‏ · التحديثات · انضم الآن لعرض ما ... • [The Call Gurus | LinkedIn](https://il.linkedin.com/company/the-call-gurus)   עלינו ; אתר אינטרנט: https://www.thecallgurus.com/. קישור חיצוני עבור The",2026-06-16T06:40:42.473082
The Call Gurus,2.1_public_market,"""The Call Gurus"" (ticker OR ""market cap"" OR site:finance.yahoo.com OR site:marketwatch.com)",serper,True,,"{""is_public"": false, ""ticker"": null, ""exchange"": null, ""market_cap"": null}","• [The Call Gurus - Overview, News & Similar companies | ZoomInfo.com](https://www.zoominfo.com/c/the-call-gurus/480493091)   Is The Call Gurus a public company? The Call Gurus is private company therefore does not currently have an official ticker symbol. See more information about ... • [The Call Gurus: Employee Directory | ZoomInfo.com](https://www.zoominfo.com/pic/the-call-gurus/480493091)   The Call Gurus's CEO is Travis Prouty Who are The Call Gurus ... The Call Gurus is private company therefore does not currently have an official ticker symbol. • [Dustin DeFrates is Helping Real Estate",2026-06-16T06:40:50.893002
The Call Gurus,2.2_funding,"""The Call Gurus"" (crunchbase OR ""funding round"" OR ""series A"" OR ""annual revenue"" OR ""Q3 results"" OR ""Q4 results"" OR ""earnings report"" OR ""raised"")",serper,True,,"{""has_funding"": false, ""total_funding"": null, ""stage"": ""unknown"", ""investors"": []}","• [What is the annual revenue of The Call Gurus? - RocketReach](https://rocketreach.co/answers/what-is-the-annual-revenue-of-the-call-gurus_b43bddebc197dcdd)   Back to The Call Gurus. What is the annual revenue of The Call Gurus? The annual revenue of The Call Gurus was $41.2 million in 2026. The Call Gurus. View ... • [The Call Gurus Revenue, Funding & Valuation - Prospeo](https://prospeo.io/c/the-call-gurus-revenue)   The Call Gurus has never raised funding before. The Call Gurus Tech Stack ... The Call Gurus generates an estimated annual revenue of $15,000,000. This ... • [The Call Gurus | ",2026-06-16T06:40:57.499784
The Call Gurus,2.3_customers,"site:www.thecallgurus.com (""trusted by"" OR ""customers"" OR ""teams relying on"" OR ""clients"" OR ""case studies"" OR ""success stories"" OR ""investor relations"" OR ""annual report"")",serper,True,,"{""customer_count_estimate"": ""unknown"", ""size_signal"": ""unknown"", ""evidence"": ""Search results mention serving 'clients,' 'partners,' and 'customers' across BPO, lead generation, and omnichannel support, but provide no customer count, volume milestone, or notable client logos.""}","• [The Call Gurus | BPO Services](https://www.thecallgurus.com/)   Home Services vertical connects customers with home improvement solutions ... clients. I love how The Call Gurus treats the business of our affiliate ... • [Privacy Policy - The Call Gurus](https://www.thecallgurus.com/privacy-policy)   ... clients and partners. The Policy is designed to assist you in understanding ... customers and prospective customers. Occasionally, we may also use the ... • [Lead Generation B2B + B2C | The Call Gurus](https://www.thecallgurus.com/lead-generation)   Our highly skilled sales staff will reach ",2026-06-16T06:41:06.422915
The Call Gurus,3.1_job_postings,"(site:greenhouse.io OR site:boards.greenhouse.io OR site:jobs.lever.co OR site:*.myworkdayjobs.com OR site:jobs.taleo.net OR site:icims.com OR site:careers.smartrecruiters.com OR site:successfactors.com OR site:wellfound.com/company OR site:jobs.ashbyhq.com) ""The Call Gurus"" careers",serper,True,,{},,2026-06-16T06:41:10.629270
The Call Gurus,3.2_expansion_news,"""The Call Gurus"" (expansion OR ""new office"" OR ""new market"" OR ""new headquarters"" OR ""hiring"" OR ""growing team"" OR ""series"" OR ""acqui"") after:2024-01-01",serper,True,,"{""has_signals"": true, ""news_headlines"": [""We are looking for YOU! If you have strong communication skills ..."", ""Lead Generation Specialist Join The Call Gurus Referral Program ..."", ""Looking for a job where you can grow professionally and earn great ..."", ""This February, you deserve the best job. At The Call Gurus, we offer ..."", ""Join a team that plays to win! We're hiring customer-focused talent ...""], ""signal_types"": [""hiring"", ""expanding""], ""summary"": ""The Call Gurus shows recent growth signals through multiple active hiring campaigns for sales, customer-focused, and lead generation roles across Mexico and Guadalajara.""}","• [We are looking for YOU! If you have strong communication skills ...](https://www.instagram.com/reel/DUmaP0bjLEU/)   We are hiring, we are hiring. Señores son muchas las cosas que se ven y al ... Join The Call Gurus MX on Instagram. Sign up for Instagram · Sign up ... • [Lead Generation Specialist Join The Call Gurus Referral Program ...](https://www.facebook.com/groups/568322390669918/posts/2011895502979259/)   The Call Gurus, creators of the #JustTransfers position, are hiring Lead Generation Specialists across Mexico. Work from home and be part of a dynamic team! • [Looking for a job wher",2026-06-16T06:41:34.857869
The Call Gurus,4.0_synthesis,[LLM synthesis - no search],llm,True,,"{""summary"": ""The Call Gurus is a private outsourcing/contact center firm positioning itself as a revenue-focused partner, which can be a relevant fit for solutions tied to sales enablement, lead generation, customer support, workforce management, or contact center operations. Recent expansion and hiring-related messaging suggests operational growth and potential near-term needs, but there is limited firmographic data on employee count, revenue, customer base, or funding. Because scale is unclear and no active job postings were found despite hiring signals, the account warrants additional qualification before prioritizing outbound heavily."", ""icp_score"": 6, ""recommended_action"": ""research_more"", ""key_buying_signals"": [""Public messaging indicates expansion and hiring for customer-focused and lead generation roles"", ""Business model depends on contact center, sales, and customer communication operations""]}",,2026-06-16T06:41:45.168290
Recurly,1.1_official_url,Recurly official website,serper,True,,"{""official_url"": ""https://recurly.com""}","• [Recurly: Subscription Management Software & Recurring Billing ...](https://recurly.com/)   Recurly powers subscription management and recurring billing for high-volume digital commerce. Launch, retain, and scale with a platform that handles ... • [Recurly Documentation](https://docs.recurly.com/)   Welcome to the Recurly Documentation Hub: your single source for everything Recurly. Explore comprehensive guides, API references, and best practices across ... • [Benchmarks & Insights - Recurly](https://recurly.com/research/)   Recurly is the best subscription management software and recurring ",2026-06-16T06:40:20.832067
Recurly,1.2_linkedin,"site:linkedin.com/company ""Recurly""",serper,True,,"{""linkedin_url"": ""https://www.linkedin.com/company/recurly"", ""industry"": ""Software Development"", ""description"": ""Subscription and billing platform helping leading brands grow recurring revenue faster, smarter, and stronger."", ""employee_count_estimate"": """"}","• [Recurly - LinkedIn](https://www.linkedin.com/company/recurly)   Recurly is the subscription and billing platform trusted by leading brands to grow their recurring revenue faster, smarter, and stronger. • [Prive (Now Recurly Commerce) - LinkedIn](https://www.linkedin.com/company/tryprive)   Prive is now Recurly Commerce — powering physical goods and DTC subscription growth for Shopify brands. Follow @Recurly to get ahead of what's ... • [Recurly: Jobs - LinkedIn](https://www.linkedin.com/company/recurly/jobs)   Jobs at Recurly ; IT Administrator I · Broomfield, CO $66,000.00 - $103,000.00 ; ",2026-06-16T06:40:29.365841
Recurly,2.1_public_market,"""Recurly"" (ticker OR ""market cap"" OR site:finance.yahoo.com OR site:marketwatch.com)",serper,True,,"{""is_public"": false, ""ticker"": null, ""exchange"": null, ""market_cap"": null}",• [Invest In Recurly Stock | Buy Pre-IPO Shares - EquityZen](https://equityzen.com/company/recurly/)   Accredited investors can buy pre-IPO stock in companies like Recurly through EquityZen funds. These investments are made available by existing Recurly ... • [Recurly Secures Majority Equity Investment From Accel-KKR](https://finance.yahoo.com/news/recurly-secures-majority-equity-investment-160000252.html)   Stock market · Newsletters · Crypto · Tech · Tariffs; More Topics. Economies ... Recurly Secures Majority Equity Investment From Accel-KKR. • [Recurly Appoints Jemima Bowden as First CHRO ,2026-06-16T06:40:38.622609
Recurly,2.2_funding,"""Recurly"" (crunchbase OR ""funding round"" OR ""series A"" OR ""annual revenue"" OR ""Q3 results"" OR ""Q4 results"" OR ""earnings report"" OR ""raised"")",serper,True,,"{""has_funding"": true, ""total_funding"": ""$42.2M"", ""stage"": ""series_c_plus"", ""investors"": [""Accel-KKR"", ""Ebridge Ventures"", ""BV Capital""]}","• [Recurly - Crunchbase Company Profile & Funding](https://www.crunchbase.com/organization/recurly)   Recurly, Inc. provides enterprise-class recurring billing management for thousands of subscription-based SaaS, Web 2.0, Mobile, content and publishing ... • [Series C - Recurly - Crunchbase Funding Round Profile](https://www.crunchbase.com/funding_round/recurly-series-c--680e9147)   Organization Name. Recurly Logo. Recurly ; Announced Date. obfuscated. obfuscation ; Funding Type Series C ; Funding Stage Late Stage Venture ; Money Raised. • [Recurly Raises $6 Million in series A](https://recurl",2026-06-16T06:40:46.653662
Recurly,2.3_customers,"site:recurly.com (""trusted by"" OR ""customers"" OR ""teams relying on"" OR ""clients"" OR ""case studies"" OR ""success stories"" OR ""investor relations"" OR ""annual report"")",serper,True,,"{""customer_count_estimate"": ""2,400+ customers/brands"", ""size_signal"": ""enterprise"", ""evidence"": ""Recurly customer stories page says it is 'trusted by leading brands' with 'many successful customers'; notable logos/customer stories include Output, and publicly cited Recurly clients include Sling TV, FabFitFun, Paramount+, Twitch, BarkBox, and TIME.""}",• [Recurly customer stories - trusted by leading brands](https://recurly.com/customers/)   See why Recurly is the market leader and expert in subscription commerce with many successful customers from well-known brands in a wide variety of industries. • [Beyond the transaction: Turning customers into superusers - Recurly](https://recurly.com/resources/webinar/turning-customers-into-superusers/)   Beyond the transaction: Turning customers into superusers. Join renowned expert Robbie Kellman Baxter as she shares proven strategies to expand subscriber ... • [Customer winback strategies for subscri,2026-06-16T06:41:34.425391
Recurly,3.1_job_postings,"(site:greenhouse.io OR site:boards.greenhouse.io OR site:jobs.lever.co OR site:*.myworkdayjobs.com OR site:jobs.taleo.net OR site:icims.com OR site:careers.smartrecruiters.com OR site:successfactors.com OR site:wellfound.com/company OR site:jobs.ashbyhq.com) ""Recurly"" careers",serper,True,,"{""has_openings"": false, ""job_titles"": [], ""departments"": [], ""total_count"": 0}","• [Recurly Careers - Insights and Opportunities - Wellfound](https://wellfound.com/company/recurly)   Find out if Recurly is the right fit for your future career! Explore jobs, salary, equity, and funding information. Read about work-life balance, perks, ... • [Jobs at Recurly: Explore current Opportunities - Wellfound](https://wellfound.com/company/recurly/jobs)   Recurly hasn't added any jobs yet ... Get notified when Recurly posts new jobs. See similar jobs. Create job alert. Recommended Jobs At Similar Companies. • [Careers - Myworkdayjobs.com](https://generalmotors.wd5.myworkdayjobs.com/e",2026-06-16T06:41:44.394292
Recurly,3.2_expansion_news,"""Recurly"" (expansion OR ""new office"" OR ""new market"" OR ""new headquarters"" OR ""hiring"" OR ""growing team"" OR ""series"" OR ""acqui"") after:2024-01-01",serper,True,,"{""has_signals"": true, ""news_headlines"": [""What's New: Recurly Spring Release 2026 Highlights"", ""Recurly announced an expanded investment in the Shopify ecosystem"", ""Matt Schurk joined Recurly as Chief Revenue Officer to help propel its next stage of growth""], ""signal_types"": [""expanding"", ""hiring""], ""summary"": ""Recurly shows recent growth signals through 2026 product innovation, global/subscription expansion initiatives, deeper Shopify ecosystem investment, and executive hiring for revenue growth.""}","• [What's New: Recurly Spring Release 2026 Highlights](https://recurly.com/blog/recurly-spring-release-2026-highlights/)   Discover Recurly's latest product innovations across agentic AI, subscription lifecycle automation, and global expansion initiatives in our spring 2026 release. • [Press releases - Recurly](https://recurly.com/press/)   AUSTIN, TX – December 9, 2025 – Recurly, the subscription growth platform, today announced an expanded investment in the Shopify ecosystem as ecommerce brands ... • [Recurly - Crunchbase Company Profile & Funding](https://www.crunchbase.com/organization/rec",2026-06-16T06:42:00.028210
Recurly,4.0_synthesis,[LLM synthesis - no search],llm,True,,"{""summary"": ""Recurly is a strong mid-market fit with a mature subscription billing platform, 2,400+ customer/brand footprint, and late-stage private funding profile. Recent expansion signals, including increased investment in the Shopify ecosystem and a Spring 2026 product release, suggest active go-to-market and product growth. The appointment of a new Chief Revenue Officer indicates focus on scaling revenue execution and may create openness to solutions that improve sales, marketing, partnerships, customer growth, or operational efficiency. Despite no active job postings found, the expansion news supports timely outreach."", ""icp_score"": 8, ""recommended_action"": ""reach_out"", ""key_buying_signals"": [""Expanded investment in the Shopify ecosystem"", ""New Chief Revenue Officer appointed to drive next stage of growth"", ""Recent Spring 2026 product release highlights"", ""Established customer base of 2,400+ brands""]}",,2026-06-16T06:42:08.584450
New Visions for Public Schools,1.1_official_url,New Visions for Public Schools official website,serper,True,,"{""official_url"": ""https://www.newvisions.org/""}","• [New Visions for Public Schools: Home](https://www.newvisions.org/)   We believe in the power of public schools. that addressing the challenges schools face means paying attention to how schools actually work. • [About Us | New Visions for Public Schools](https://www.newvisions.org/about-new-visions)   New Visions provides free and high-quality curriculum, teacher training, cutting-edge student planning tools, and college and career preparatory programs. • [New Visions for Public Schools | New York NY - Facebook](https://www.facebook.com/newvisionsforpublicschools/)   We've upgraded! The New",2026-06-16T06:41:50.929559
New Visions for Public Schools,1.2_linkedin,"site:linkedin.com/company ""New Visions for Public Schools""",serper,True,,"{""linkedin_url"": ""https://www.linkedin.com/company/newvisionsnyc"", ""industry"": ""Education Administration Programs"", ""description"": ""New Visions for Public Schools designs, supports, and sustains great public schools for New York City students."", ""employee_count_estimate"": ""501-1,000 employees""}","• [New Visions for Public Schools - LinkedIn](https://www.linkedin.com/company/newvisionsnyc)   Website: http://www.newvisions.org. External link for New Visions for Public Schools ; Industry: Education Administration Programs ; Company size: 501-1,000 ... • [New Visions for Public Schools | LinkedIn](https://jp.linkedin.com/company/newvisionsnyc?trk=public_profile_experience-item_profile-section-card_subtitle-click)   Today to close out the month we hosted local New York City high school students in collaboration with New Visions for Public Schools. When we introduce students ... • [New Visio",2026-06-16T06:41:58.470704
New Visions for Public Schools,2.1_public_market,"""New Visions for Public Schools"" (ticker OR ""market cap"" OR site:finance.yahoo.com OR site:marketwatch.com)",serper,True,,"{""is_public"": false, ""ticker"": null, ""exchange"": null, ""market_cap"": null}","• [New Visions for Public Schools - Overview, News & Similar companies](https://www.zoominfo.com/c/new-visions-for-public-schools/27492700)   Is New Visions for Public Schools a public company? New Visions for Public Schools is private company therefore does not currently have an official ticker ... • [New Visions for Public Schools: Employee Directory | ZoomInfo.com](https://www.zoominfo.com/pic/new-visions-for-public-schools/27492700)   Is New Visions for Public Schools a public company? New Visions for Public Schools is private company therefore does not currently have an official ticker ..",2026-06-16T06:42:04.709405
New Visions for Public Schools,2.2_funding,"""New Visions for Public Schools"" (crunchbase OR ""funding round"" OR ""series A"" OR ""annual revenue"" OR ""Q3 results"" OR ""Q4 results"" OR ""earnings report"" OR ""raised"")",serper,True,,"{""has_funding"": true, ""total_funding"": null, ""stage"": ""unknown"", ""investors"": []}","• [New Visions for Public Schools - Crunchbase Company Profile ...](https://www.crunchbase.com/organization/new-visions-for-public-schools)   $1.4M This year, New Visions for Public Schools is projected to spend $1.4M on IT, according to Aberdeen. • [New Visions for Public Schools - News & Analysis - Crunchbase](https://www.crunchbase.com/organization/new-visions-for-public-schools/news_and_analysis)   Founded. obfuscated. obfuscation. Private 251-500 www.newvisions.org/. New Visions for Public Schools Logo New Visions for Public Schools. Section: News. • [New Visions for Public Schools - 2026",2026-06-16T06:42:12.056856
New Visions for Public Schools,2.3_customers,"site:www.newvisions.org (""trusted by"" OR ""customers"" OR ""teams relying on"" OR ""clients"" OR ""case studies"" OR ""success stories"" OR ""investor relations"" OR ""annual report"")",serper,True,,"{""customer_count_estimate"": ""unknown"", ""size_signal"": ""enterprise"", ""evidence"": ""Audited financial statements mention the organization has 'contracts with customers to provide approved services'; search results also reference work in the 'New York City Department of Education Learning Partners Program' (notable logo: NYC Department of Education).""}","• [Financials | New Visions for Public Schools](https://www.newvisions.org/financials)   Support Us · Sign Up for Updates · Support Us. Financials. View Our 2023-24 Annual Report. Statement of Activities. Year ended June 30, 2024. Revenue. 5%. • [Woolly Mammoth | New Visions for Public Schools](https://www.newvisions.org/curriculum/science/biology/woolly-mammoth)   ... case studies that highlight the decline of three key species. Finally, students use their learning to evaluate several claims about causes for the ... • [Privacy Policy | New Visions for Public Schools](https://www.newvisions.or",2026-06-16T06:42:29.300028
New Visions for Public Schools,3.1_job_postings,"(site:greenhouse.io OR site:boards.greenhouse.io OR site:jobs.lever.co OR site:*.myworkdayjobs.com OR site:jobs.taleo.net OR site:icims.com OR site:careers.smartrecruiters.com OR site:successfactors.com OR site:wellfound.com/company OR site:jobs.ashbyhq.com) ""New Visions for Public Schools"" careers",serper,True,,"{""has_openings"": true, ""job_titles"": [""ELA Teacher - Advanced Math & Science II"", ""Social Studies Teacher"", ""School Counselor - Advanced Math & Science III""], ""departments"": [""Teaching"", ""Student Support""], ""total_count"": 3}","• [New Visions for Public Schools Careers - Insights and Opportunities](https://wellfound.com/company/new-visions-for-public-schools-1)   Find out if New Visions for Public Schools is the right fit for your future career! Explore jobs, salary, equity, and funding information. • [New Visions for Public Schools: Founder, Leadership & Team](https://wellfound.com/company/new-visions-for-public-schools-1/people)   View founders and team members of New Visions for Public Schools on AngelList. Explore jobs, salary, equity, and funding information. • [ELA Teacher- Advanced Math & Science II - Greenhou",2026-06-16T06:42:41.521466
New Visions for Public Schools,3.2_expansion_news,"""New Visions for Public Schools"" (expansion OR ""new office"" OR ""new market"" OR ""new headquarters"" OR ""hiring"" OR ""growing team"" OR ""series"" OR ""acqui"") after:2024-01-01",serper,True,,"{""has_signals"": true, ""news_headlines"": [""New Visions for Public Schools hiring teachers now"", ""New Visions Network - NYCPS Paraprofessional Recruitment Event"", ""New Visions for Public Schools Launches First-of-its-Kind Career Directory for NYC Students"", ""Making Training Pathways More Visible Through a Career Directory""], ""signal_types"": [""hiring"", ""expanding""], ""summary"": ""New Visions for Public Schools shows recent hiring activity and program expansion through educator recruitment and the launch of a NYC student career directory.""}","• [New Visions for Public Schools: Home](https://www.newvisions.org/)   New Visions. Your support for New Visions for Public Schools is vital to the educators and students in our network and across over 1,600 public schools! • [School NewVisions New Visions for Public Schools - Instagram](https://www.instagram.com/p/DOLn-vYjHCj/)   #NYCTeachers #EducationCareers #TeacherRecruitment #NewVisions #NYCPS · May 13. OCR. New Visions for Public Schools ... hiring teachers now. Thursday, May 14 ⏰ ... • [New Visions Network - NYCPS Paraprofessional Recruitment Event](https://www.linkedin.com/jobs/view/",2026-06-16T06:42:54.251474
New Visions for Public Schools,4.0_synthesis,[LLM synthesis - no search],llm,True,,"{""summary"": ""New Visions for Public Schools appears to be an enterprise-scale education nonprofit supporting NYC public schools, with current hiring and program expansion activity indicating operational growth. Recent launches such as a career directory for NYC students suggest investment in student-facing programs, workforce pathways, and digital initiatives. Fit is strongest for vendors serving K-12 education, workforce readiness, student support, recruiting, data systems, or administrative modernization. Buying cycles may be relationship-driven and budget-sensitive due to the public education/nonprofit context."", ""icp_score"": 8, ""recommended_action"": ""reach_out"", ""key_buying_signals"": [""Enterprise-scale education organization supporting NYC public schools"", ""Active hiring for teachers and counselors plus recruitment events"", ""Recent launch of a career directory indicates investment in new student-facing programs"", ""Expansion activity tied to workforce pathways and school support initiatives""]}",,2026-06-16T06:43:20.094845
WorkWave,1.1_official_url,WorkWave official website,serper,True,,"{""official_url"": ""https://www.workwave.com/""}","• [WorkWave - Service Software to Automate Your Business](https://www.workwave.com/)   WorkWave's business management software can help you save time & money on back-office, routing, and field operations. Get more time back for you & your ... • [WorkWave | Holmdel NJ - Facebook](https://www.facebook.com/WorkWaveCo/)   WorkWave provides end-to-end software that helps businesses with mobile service teams thrive. Leading lawn care, pest control, commercial cleaning and security ... • [WorkWave - LinkedIn](https://www.linkedin.com/company/workwave)   WorkWave delivers innovative software and finte",2026-06-16T06:42:15.456197
WorkWave,1.2_linkedin,"site:linkedin.com/company ""WorkWave""",serper,True,,"{""linkedin_url"": ""https://www.linkedin.com/company/workwave"", ""industry"": ""Software Development"", ""description"": ""WorkWave delivers software and fintech solutions for service professionals that keep the world safe, clean and beautiful."", ""employee_count_estimate"": ""501-1,000 employees""}","• [WorkWave - LinkedIn](https://www.linkedin.com/company/workwave)   WorkWave delivers innovative software and fintech solutions to the millions of hardworking service professionals that keep the world safe, clean and beautiful. • [TEAM Software by WorkWave - LinkedIn](https://www.linkedin.com/company/team-software-by-workwave)   TEAM Software by WorkWave develops market-leading solutions for companies powered by distributed workforces, specifically those serving the cleaning, security ... • [TEAM Software by WorkWave | LinkedIn](https://cv.linkedin.com/company/team-software-by-workwave?trk=pr",2026-06-16T06:42:32.215940
WorkWave,2.1_public_market,"""WorkWave"" (ticker OR ""market cap"" OR site:finance.yahoo.com OR site:marketwatch.com)",serper,True,,"{""is_public"": false, ""ticker"": null, ""exchange"": null, ""market_cap"": null}","• [WorkWave Announces Wavelytics™ Decision Intelligence, Evolving ...](https://finance.yahoo.com/news/workwave-announces-wavelytics-decision-intelligence-171500153.html)   Stock market · Newsletters · Crypto · Tech · Tariffs; More Topics. Economies ... WorkWave (PRNewsfoto/WORKWAVE). • [WorkWave - Overview, News & Similar companies | ZoomInfo.com](https://www.zoominfo.com/c/workwave/60573836)   WorkWave is private company therefore does not currently have an official ticker symbol. See more information about WorkWave. Get Started with ZoomInfo. • [WorkWave Names Melinda Vedder as Chief Human R",2026-06-16T06:42:41.355501
WorkWave,2.2_funding,"""WorkWave"" (crunchbase OR ""funding round"" OR ""series A"" OR ""annual revenue"" OR ""Q3 results"" OR ""Q4 results"" OR ""earnings report"" OR ""raised"")",serper,True,,"{""has_funding"": true, ""total_funding"": null, ""stage"": ""unknown"", ""investors"": []}","• [WorkWave - Crunchbase Company Profile & Funding](https://www.crunchbase.com/organization/marathon-data-systems)   WorkWave delivers innovative software and fintech solutions to the millions of hardworking service professionals that keep the world safe, clean and beautiful. • [TEAM Software acquired by WorkWave - Crunchbase Acquisition ...](https://www.crunchbase.com/acquisition/marathon-data-systems-acquires-team-software--1b23f9d1)   Acquiring Organization: WorkWave Logo. WorkWave WorkWave is a provider of software and solutions that help mobile service companies thrive. Announced Date. • ",2026-06-16T06:43:27.540337
WorkWave,2.3_customers,"site:www.workwave.com (""trusted by"" OR ""customers"" OR ""teams relying on"" OR ""clients"" OR ""case studies"" OR ""success stories"" OR ""investor relations"" OR ""annual report"")",serper,True,,"{""customer_count_estimate"": ""unknown"", ""size_signal"": ""enterprise"", ""evidence"": ""No numeric customer count found in the provided results. Homepage snippet lists notable customer logos: “Our Customers. Rollins. Rentokil. Senske Services. Trugreen. GardaWorld.”""}",• [3 Ways to Re-Engage Lost Customers - WorkWave](https://www.workwave.com/blog/3-ways-to-re-engage-lost-customers)   Looking for ways to retain and re-engage with lost field service customers? Read our blog on 3 things you can do to win back a lost customer. • [How To Get More Pressure Washing Contracts - WorkWave](https://www.workwave.com/blog/how-to-get-more-pressure-washing-contracts)   Providing impeccable customer service and making sure to follow up with previous clients go a long way. Not only are previous customers more likely to use your ... • [How WorkWave Is Committed to Helping It,2026-06-16T06:43:51.931004
WorkWave,3.1_job_postings,"(site:greenhouse.io OR site:boards.greenhouse.io OR site:jobs.lever.co OR site:*.myworkdayjobs.com OR site:jobs.taleo.net OR site:icims.com OR site:careers.smartrecruiters.com OR site:successfactors.com OR site:wellfound.com/company OR site:jobs.ashbyhq.com) ""WorkWave"" careers",serper,True,,"{""has_openings"": true, ""job_titles"": [""Sales Operations Analyst"", ""Communications & Brand Strategist"", ""Director, Revenue Operations"", ""Enterprise Sales Engineer"", ""Manager, Web Strategy"", ""Enterprise Account Manager"", ""Collections Specialist"", ""Cloud Security Engineer""], ""departments"": [""Sales"", ""Revenue Operations"", ""Marketing"", ""Finance"", ""Engineering""], ""total_count"": 8}","• [WorkWave - Lever](https://jobs.lever.co/workwave)   Sales Operations Analyst. Remote — Full-timeRemote, US · WorkWave Home Page. We may use artificial intelligence (AI) tools to support parts of the hiring ... • [Communications & Brand Strategist - WorkWave - Lever](https://jobs.lever.co/workwave/db6c5745-d169-40fe-adca-fb465d951a12)   WorkWave is seeking a proactive and results-oriented Communications & Brand Strategist to help execute our internal and external communication strategies. • [Director, Revenue Operations - WorkWave - Lever](https://jobs.lever.co/workwave/6f48cda2-94ec-4ca9-87",2026-06-16T06:44:05.583730
WorkWave,3.2_expansion_news,"""WorkWave"" (expansion OR ""new office"" OR ""new market"" OR ""new headquarters"" OR ""hiring"" OR ""growing team"" OR ""series"" OR ""acqui"") after:2024-01-01",serper,True,,"{""has_signals"": true, ""news_headlines"": [""WorkWave hiring Director, Revenue Operations in United States"", ""WorkWave™ Careers and Employment | Indeed.com"", ""WorkWave - Lever"", ""[Hiring] Account Executive @WorkWave - Remote jobs""], ""signal_types"": [""hiring""], ""summary"": ""Recent job postings and careers pages indicate WorkWave is actively hiring, including revenue operations and sales roles, with Indeed listing 32 open jobs.""}","• [Hiring Posts - WorkWave](https://www.workwave.com/category/hiring)   Learn how WorkWave is taking a data-driven approach to talent management. By partnering with Caliper, we're not just hiring for a role—we're investing in ... • [Hire by WorkWave: Applicant Tracking System for Cleaning & Security](https://teamsoftware.com/en-gb/hire-by-workwave)   Hire by WorkWave helps you fill positions quickly and keep contracts staffed, automating the entire hiring process through one service provider. Get Started ... • [WorkWave hiring Director, Revenue Operations in United States](https://www.linkedin",2026-06-16T06:44:21.756285
WorkWave,4.0_synthesis,[LLM synthesis - no search],llm,True,,"{""summary"": ""WorkWave appears to be a strong ICP fit as an enterprise-scale private software and fintech provider serving field service professionals. Current hiring across Revenue Operations, Sales Operations, Enterprise Sales, Web Strategy, and Cloud Security suggests active investment in go-to-market infrastructure, digital growth, and operational maturity. The combination of enterprise scale and revenue-focused hiring indicates likely budget, complexity, and urgency for solutions that improve sales efficiency, pipeline visibility, security, or customer acquisition. Lack of funding and customer-count data creates some uncertainty, but available signals support proactive outreach."", ""icp_score"": 8, ""recommended_action"": ""reach_out"", ""key_buying_signals"": [""Hiring for Director of Revenue Operations and Sales Operations Analyst roles"", ""Active enterprise GTM hiring including Enterprise Sales Engineer and Enterprise Account Manager"", ""Investment in web strategy and cloud security roles"", ""Enterprise-scale software and fintech company with likely complex sales and operational needs""]}",,2026-06-16T06:44:31.522753
CINC,1.1_official_url,CINC official website,serper,True,,"{""official_url"": ""https://www.cincpro.com/""}","• [CIBC U.S.: Commercial Banking, Personal Banking, Wealth ...](https://us.cibc.com/en/home.html)   CIBC U.S. provides tailored commercial and personal banking services, private wealth management and small business financial solutions from coast to coast. • [CINC (Commissions Inc): All-In-One Real Estate CRM Platform](https://www.cincpro.com/)   CINC (Commissions, Inc.) is the #1 all-in-one real estate lead generation & conversion CRM platform for teams and top agents. • [CIBC Websites](https://www.cibc.com/en/cibc-websites.html)   CIBC Websites · Personal Banking · Business Banking · Investor",2026-06-16T06:43:26.149525
CINC,1.2_linkedin,"site:linkedin.com/company ""CINC""",serper,True,,"{""linkedin_url"": ""https://www.linkedin.com/company/cincpro"", ""industry"": ""Technology, Information and Internet"", ""description"": ""CINC is an all-in-one real estate lead generation and conversion CRM platform for teams and top agents."", ""employee_count_estimate"": """"}","• [CINC Systems - LinkedIn](https://www.linkedin.com/company/cincsystems)   Website: http://www.cincsystems.com. External link for CINC Systems ; Industry: Software Development ; Company size: 201-500 employees ; Headquarters: Duluth, GA. • [CINC - LinkedIn](https://www.linkedin.com/company/cincpro)   CINC (Commissions, Inc.) is the #1 all-in-one real estate lead generation & conversion CRM platform for teams and top agents. • [Commissions Inc. (CINC) - LinkedIn](https://www.linkedin.com/company/commissions-inc)   Commissions Inc. (CINC). Technology, Information and Internet. Marietta, Georgia",2026-06-16T06:43:47.610631
CINC,2.1_public_market,"""CINC"" (ticker OR ""market cap"" OR site:finance.yahoo.com OR site:marketwatch.com)",serper,True,,"{""is_public"": false, ""ticker"": null, ""exchange"": null, ""market_cap"": null}","• [CINC - Yahoo Finance](https://finance.yahoo.com/quote/CINC/)   No information is available for this page. · Learn why • [Buy CinCor Pharma Stock – CINC Stock Quote Today & Investment ...](https://public.com/stocks/cinc)   What is the market cap for CINC stock? As of Jun 11, 2026, the market cap for CINC stock is $1.28B. What is the P/E ratio for CINC stock? The current P/E ... • [CinCor Pharma: CINC Stock Price Quote & News | Robinhood](https://robinhood.com/us/en/stocks/CINC/)   CINC Key Statistics. Market cap. 1.27B. Market cap1.27B. Price-Earnings ratio. -12.67. Price-Earnings ratio-12.6",2026-06-16T06:43:57.548389
CINC,2.2_funding,"""CINC"" (crunchbase OR ""funding round"" OR ""series A"" OR ""annual revenue"" OR ""Q3 results"" OR ""Q4 results"" OR ""earnings report"" OR ""raised"")",serper,True,,"{""has_funding"": true, ""total_funding"": null, ""stage"": ""unknown"", ""investors"": []}",• [CINC - Crunchbase Company Profile & Funding](https://www.crunchbase.com/organization/commissions-inc)   When was the last funding round for CINC ? CINC closed its last funding round on. obfuscated. obfuscation. from a Venture - Series Unknown round. Who are CINC ' ... • [CINC Systems - Crunchbase Company Profile & Funding](https://www.crunchbase.com/organization/cinc-systems)   CINC Systems Logo CINC Systems. Section: Overview. Actions ... When was the last funding round for CINC Systems ? CINC Systems closed its last funding round on. • [Funding Round - Private Equity Round - CINC Systems ,2026-06-16T06:44:10.405373
CINC,2.3_customers,"site:www.cincpro.com (""trusted by"" OR ""customers"" OR ""teams relying on"" OR ""clients"" OR ""case studies"" OR ""success stories"" OR ""investor relations"" OR ""annual report"")",serper,True,,"{""customer_count_estimate"": ""unknown"", ""size_signal"": ""smb"", ""evidence"": ""Search results show CINC targets real estate agents/teams and references client/customer workflows, but no customer-count milestone is visible. Notable logo surfaced: RE/MAX via 'Real Estate CRM and Lead Management Best Practices from a RE/MAX Team Leader.'""}","• [From Click to Close: Winning More Clients with Smarter Real Estate ...](https://www.cincpro.com/blog/from-click-to-close-winning-more-clients-with-smarter-real-estate-tech)   Keep track of your prospects, leads, and customers. Consumer Website ... So when you start to think about providing your clients, or your existing ... • [CINC (Commissions Inc): All-In-One Real Estate CRM Platform](https://www.cincpro.com/)   Features, Success Stories, & Resources. Excellence in ... ""CINC is most helpful with allowing the many ways to keep in contact with prospective clients. • [Leads, Listings, and th",2026-06-16T06:44:27.980149
CINC,3.1_job_postings,"(site:greenhouse.io OR site:boards.greenhouse.io OR site:jobs.lever.co OR site:*.myworkdayjobs.com OR site:jobs.taleo.net OR site:icims.com OR site:careers.smartrecruiters.com OR site:successfactors.com OR site:wellfound.com/company OR site:jobs.ashbyhq.com) ""CINC"" careers",serper,True,,"{""has_openings"": false, ""job_titles"": [], ""departments"": [], ""total_count"": 0}","• [Today's Flow Careers - Insights and Opportunities - Wellfound](https://wellfound.com/company/today-s-flow-1)   Amb Today's Flow només necessitaràs cinc minuts per informar-te de tot allò que més t'interessa: cultura, política, esports, tecnologia, economia i molts ... • [Legal Specialist I, II-District Attorney's Office - Myworkdayjobs.com](https://wycokck.wd1.myworkdayjobs.com/en-US/RECExternalCareers/job/Legal-Specialist-I--II-District-Attorney-s-Office_JR26-00290)   ... CINC, Care in Treatment, Forfeitures.) Legal Research: Research and analyze legal documents, statutes, and case law to ",2026-06-16T06:44:40.558499
CINC,3.2_expansion_news,"""CINC"" (expansion OR ""new office"" OR ""new market"" OR ""new headquarters"" OR ""hiring"" OR ""growing team"" OR ""series"" OR ""acqui"") after:2024-01-01",serper,True,,"{""has_signals"": false, ""news_headlines"": [], ""signal_types"": [""stable""], ""summary"": ""No valid recent expansion, hiring, funding, or contracting signals found for CINC at cincpro.com; most results refer to unrelated CINC Systems.""}","• [CINC Systems Careers and Employment | Indeed.com](https://www.indeed.com/cmp/Cinc-Systems)   What is the hiring process at CINC Systems? The interview process takes about two weeks. Overall, the interview experience is rated as average. . How ... • [Careers at CINC Systems - CAM Management](https://cincsystems.com/about-us/careers)   We celebrate team wins over individual accolades—because supporting each other drives lasting success. Cinc Systems. Join our growing team. • [Business Systems Administrator, Client Operations - LinkedIn](https://www.linkedin.com/jobs/view/business-systems-admi",2026-06-16T06:45:02.539126
CINC,4.0_synthesis,[LLM synthesis - no search],llm,True,,"{""summary"": ""CINC is an SMB-sized private real estate technology company offering an all-in-one lead generation and CRM platform for agents and teams. The company appears relevant if targeting B2B SaaS, real estate tech, or CRM-driven organizations, but there are no current growth indicators such as hiring, funding, expansion news, or customer scale data. With limited evidence of active investment or expansion, it is a moderate-fit account best kept under observation until stronger buying intent emerges."", ""icp_score"": 5, ""recommended_action"": ""monitor"", ""key_buying_signals"": [""Operates a CRM and lead conversion platform, indicating reliance on sales and marketing technology"", ""Serves real estate teams and top agents, suggesting a B2B SaaS go-to-market model""]}",,2026-06-16T06:45:14.970841
Accela,1.1_official_url,Accela official website,serper,True,,"{""official_url"": ""https://www.accela.com""}","• [E-Permits Portal - Accela Citizen Access](https://aca-prod.accela.com/BALTIMORE/Default.aspx)   Baltimore City is pleased to offer our residents, businesses, and visitors access to permitting services and code enforcement information online 24 hours a day. • [Login | FusionAuth](https://aca-prod.accela.com/COC/Login.aspx)   A Single Sign-On solution for your entire enterprise. Need to create an account? Register Now • [Accela Citizen Access - Baltimore County Government](https://citizenaccess.baltimorecountymd.gov/CitizenAccess/Default.aspx)   Baltimore County Online Services Baltimore Coun",2026-06-16T06:44:38.733343
Accela,1.2_linkedin,"site:linkedin.com/company ""Accela""",serper,True,,"{""linkedin_url"": ""https://www.linkedin.com/company/accela-inc-"", ""industry"": ""Software Development"", ""description"": ""Accela provides a market-leading SaaS platform that helps state and local governments build thriving communities."", ""employee_count_estimate"": """"}","• [Accela - LinkedIn](https://www.linkedin.com/company/accela-inc-)   Accela provides a market-leading platform of SaaS solutions that empower state and local governments to build thriving communities. • [Accela: Culture - LinkedIn](https://www.linkedin.com/company/accela-inc-/life)   Accela offers employees a culture that emphasizes performance, productivity and collaboration. You can't help but feel empowered, engaged and motivated. • [Accela Healthcare - LinkedIn](https://www.linkedin.com/company/accela-healthcare)   With over 20 years of experience owning and operating Long Term Care facil",2026-06-16T06:44:50.113577
Accela,2.1_public_market,"""Accela"" (ticker OR ""market cap"" OR site:finance.yahoo.com OR site:marketwatch.com)",serper,True,,{},"• [Invest and Sell Accela Stock - Forge Global](https://forgeglobal.com/accela_stock/)   Accela is a privately held company and therefore does not have a public stock price. However, you may access Accela private market stock price with Forge Data. • [Accela: Government Software and Services](https://www.accela.com/)   Accela provides cloud-based solutions to enhance government operations, boost efficiency, and improve citizen engagement. • [Financials - CB Insights](https://www.cbinsights.com/company/accela/financials)   JavaScript is disabled. In order to continue, we need to verify that you",2026-06-16T06:44:57.635301
Accela,2.2_funding,"""Accela"" (crunchbase OR ""funding round"" OR ""series A"" OR ""annual revenue"" OR ""Q3 results"" OR ""Q4 results"" OR ""earnings report"" OR ""raised"")",serper,True,,"{""has_funding"": true, ""total_funding"": ""$236M"", ""stage"": ""series_c_plus"", ""investors"": []}","• [Accela - Crunchbase Company Profile & Funding](https://www.crunchbase.com/organization/accela)   Accela provides market-leading SaaS solutions that help governments worldwide to build thriving communities, grow businesses, and protect citizens' services. • [Private Equity Round - Accela - Crunchbase Funding Round Profile](https://www.crunchbase.com/funding_round/accela-private-equity--f787d704)   Advanced Search. Start Free Trial. Talk With Sales. Pricing · Log In · Log In. Private Equity Round - Accela Logo. Funding Round. Private Equity Round - Accela. • [Accela Worldwide Solutions - Crun",2026-06-16T06:45:10.134122
Accela,2.3_customers,"site:www.accela.com (""trusted by"" OR ""customers"" OR ""teams relying on"" OR ""clients"" OR ""case studies"" OR ""success stories"" OR ""investor relations"" OR ""annual report"")",serper,True,,"{""customer_count_estimate"": ""2,200+ government agency customers"", ""size_signal"": ""enterprise"", ""evidence"": ""Accela is described in company materials as serving 2,200+ government agencies; customer/success-story logos include large public-sector clients such as City and County of Denver, City of San Diego, City of Seattle, Salt Lake City, and Montgomery County.""}",• [Customers Speak: Why Accela?](https://www.accela.com/resources/videos/customers-speak-why-accela/)   Customers Speak: Why Accela? Length: 2:54. Hear Accela customers discuss ... Success Stories · White Papers · CIO · FAQ. About. Accela Overview · Press Releases ... • [Customers Speak: The Benefits and Ease of Moving to the Cloud](https://www.accela.com/resources/videos/customers-speak-the-benefits-and-ease-of-moving-to-the-cloud/)   ... Customers Speak: The Benefits and Ease of Moving to the Cloud. saas-video ... Success Stories · White Papers · CIO · FAQ. About. Accela Overview · Press Rel,2026-06-16T06:45:26.330578
Accela,3.1_job_postings,"(site:greenhouse.io OR site:boards.greenhouse.io OR site:jobs.lever.co OR site:*.myworkdayjobs.com OR site:jobs.taleo.net OR site:icims.com OR site:careers.smartrecruiters.com OR site:successfactors.com OR site:wellfound.com/company OR site:jobs.ashbyhq.com) ""Accela"" careers",serper,True,,"{""has_openings"": true, ""job_titles"": [""Operations Support Analyst (Contractor)"", ""Consultant"", ""Account Executive"", ""Technical Training Specialist""], ""departments"": [""Operations"", ""Professional Services"", ""Sales"", ""Training""], ""total_count"": 4}",• [Jobs at Accela - Greenhouse](http://job-boards.greenhouse.io/accela)   Current openings at Accela. About us: Accela is the industry pioneer ... Level-up your career by having opportunities at Accela sent directly to your inbox. • [Job Application for Operations Support Analyst (Contractor) at Accela](http://job-boards.greenhouse.io/accela/jobs/7913360)   Accela is hiring a contractor to support email deliverability operations for our Public Portal product. This role resolves email delivery failures — primarily ... • [Job Application for Consultant at Accela - Greenhouse](https://job-boards.,2026-06-16T06:46:11.379307
Accela,3.2_expansion_news,"""Accela"" (expansion OR ""new office"" OR ""new market"" OR ""new headquarters"" OR ""hiring"" OR ""growing team"" OR ""series"" OR ""acqui"") after:2024-01-01",serper,True,,"{""has_signals"": true, ""news_headlines"": [""Accela hiring Business Development Representative in Kansas City"", ""Job Application for Operations Support Analyst (Contractor) at Accela"", ""Accela Jobs (June 2026) - Startup Jobs"", ""In-Demand Jobs in GovTech Hiring Now - Accela""], ""signal_types"": [""hiring""], ""summary"": ""Accela shows active hiring signals across sales, operations support, cybersecurity, and account executive roles in 2026.""}","• [In-Demand Jobs in GovTech Hiring Now - Accela](https://www.accela.com/blog/in-demand-jobs-in-govtech-hiring-now/)   In-Demand Jobs in GovTech Hiring Now. Profile picutre of Accela ... Submit your agency for a chance to be featured in our future Customer Spotlight series. • [Accela hiring Business Development Representative in Kansas City ...](https://www.linkedin.com/jobs/view/business-development-representative-at-accela-4422242658)   Accela provides a robust, cloud-based platform of government software solutions that accelerate growth, efficiency, and transparency in communities of all si",2026-06-16T06:46:28.487956
Accela,4.0_synthesis,[LLM synthesis - no search],llm,True,,"{""summary"": ""Accela is a strong mid-market GovTech SaaS company with substantial funding ($236M) and a large installed base of 2,200+ government agency customers. Current hiring across sales, consulting, operations support, and technical training suggests ongoing growth and potential investment in go-to-market, customer delivery, and enablement functions. Its scale, SaaS model, and public-sector customer base make it a compelling target if your offering supports software companies, government-focused vendors, sales expansion, customer success, implementation, or operational efficiency."", ""icp_score"": 8, ""recommended_action"": ""reach_out"", ""key_buying_signals"": [""Hiring for Account Executive and Business Development roles indicates active go-to-market expansion"", ""Hiring for Consultant, Operations Support Analyst, and Technical Training Specialist suggests investment in customer delivery and support capacity""]}",,2026-06-16T06:46:39.180034
